sequence,initset,AGC content [%],MRL,G4 score,in vitro stability,score_pareto_ranking,cluster,model
AGUUCACCAAAGAAGGAAAUUCACAGCUGCAAAUGAGCACGGCAAACAAA,initset4,88.0,7.441092460963578,-0.2,-0.4258767960361532,1244,c_43,init
CCCAAAGCCAAUACGAAGCAACAGUUGGAUCCUAAGUCCUCUGAAAAACA,initset2,84.0,7.58064039292122,-0.3,-0.4228086798376328,1117,c_0,init
CCCACCAUUUCGACCAAACGAACAUCAACCAAACAAGACACUGUGUAACA,initset4,86.0,7.15850581514558,-0.3,-0.4248549753830239,1021,c_1,init
CACUAGGAAGAGAAGAGAAAAGAAAAUACACAAAUACAAAGGAGCAAACC,initset3,94.0,7.895419160346334,-0.1,-0.4173965809836581,6525,c_0,CNN
CAGAGAGAAAGCACACAGGAAGACACAAGGACAAGACGCAGAGGAUCCAA,initset3,98.0,7.6542730318797,-0.2,-0.4221104320239376,4087,c_3,CNN
CAGACAGCAGUAGAGAGACAGAUCCUAACCCAGAAACACAAACAUCUGCU,initset4,88.0,7.803957950092624,-0.2,-0.4211096496678687,3840,c_1,CNN
CAAAAAAAGAAAAAGAACCAACAGUUGGACCCCAAAUCCUCUGCAAUACA,initset2,88.0,7.715036141004717,-0.1,-0.4210370866785304,3786,c_5,CNN
CACAAGGAGUAGAACAAAUUCACACAAGCGAAAGAGUACACUUCACUGAU,initset3,84.0,7.946205362020419,-0.2,-0.4183532428419267,3639,c_11,CNN
AAGAGGAAAAAAAAAAACAACGAAGAAAAAAAAGAGAGAAAGAGAAUAAA,initset3,98.0,7.906004286650168,-0.2,-0.4126877841756151,10967,c_0,BERT
AAGAAAGAAAAAAAAAACAAAGAAGAAAACAAAGAGACAAAGAAAAAAAA,initset3,100.0,7.819129277718545,-0.2,-0.4107686050518139,10337,c_2,BERT
AAAGAGACAAAGAGAGAAAAGGGACCAAGAAAACUAAGACGAACAAAACC,initset2,98.0,7.766171356386171,-0.1,-0.4181149007505395,10091,c_69,BERT
GAAAAACACAGAGAAACAAUAGUAGAGGAGCCACAUACAGAACACAAGAG,initset4,94.0,7.911499906460654,-0.1,-0.4196800693466856,10063,c_3,BERT
AAGAGAAACACAAAACAGAGAAACACAAGACAAAGACGAACAGAAGUAAA,initset3,98.0,7.88671074442389,-0.2,-0.4180016560973348,10053,c_1,BERT
AAGAGGAAAAAAAAAAACAACGAAGAAAAAAAAGAGAGAAAGAGAAUAAA,initset3,98.0,7.906004286650168,-0.2,-0.4126877841756151,5759,c_0,DNABERT
AAGAAAGAAAAAAAAAACAAAGAAGAAAACAAAGAGACAAAGAAAAAAAA,initset3,100.0,7.819129277718545,-0.2,-0.4107686050518139,5301,c_2,DNABERT
GAAAAACACAGAGAAACAAUAGUAGAGGAGCCACAUACAGAACACAAGAG,initset4,94.0,7.911499906460654,-0.1,-0.4196800693466856,5054,c_3,DNABERT
AAGAGAAACACAAAACAGAGAAACACAAGACAAAGACGAACAGAAGUAAA,initset3,98.0,7.88671074442389,-0.2,-0.4180016560973348,5042,c_1,DNABERT
AAAGAGACAAAGAGAGAAAAGGGACCAAGAAAACUAAGACGAACAAAACC,initset2,98.0,7.766171356386171,-0.1,-0.4181149007505395,4964,c_32,DNABERT
