sequence,initset,AGC content [%],MRL,G4 score,in vitro stability,score_pareto_ranking,cluster
AAGAGGAAAAAAAAAAACAACGAAGAAAAAAAAGAGAGAAAGAGAAUAAA,initset3,98.0,7.906004286650168,-0.2,-0.4126877841756151,5759,c_0
AAGAAAGAAAAAAAAAACAAAGAAGAAAACAAAGAGACAAAGAAAAAAAA,initset3,100.0,7.819129277718545,-0.2,-0.4107686050518139,5301,c_2
GAAAAACACAGAGAAACAAUAGUAGAGGAGCCACAUACAGAACACAAGAG,initset4,94.0,7.911499906460654,-0.1,-0.4196800693466856,5054,c_3
AAGAGAAACACAAAACAGAGAAACACAAGACAAAGACGAACAGAAGUAAA,initset3,98.0,7.88671074442389,-0.2,-0.4180016560973348,5042,c_1
AAAGAGACAAAGAGAGAAAAGGGACCAAGAAAACUAAGACGAACAAAACC,initset2,98.0,7.766171356386171,-0.1,-0.4181149007505395,4964,c_32
ACAGAGAGAAACAAACAAAAAAACAAACAAAACUGAGAGAGAAAAACAAA,initset4,98.0,7.868392361004655,-0.3,-0.4146570751554257,4273,c_40
CCACACCAGAAUACUACAAGGAGAAACACAGAGAAAAACACAAAGAAAUG,initset4,94.0,7.871136027883441,-0.2,-0.4202919792484593,4069,c_38
CCCCCCAUUACAAUCAGAGAGACAAAGAAAAGGAAAUGAAGAGCCAGAAU,initset4,90.0,8.069549369400091,-0.2,-0.4207521864761774,3676,c_4
CAAAGAAAACAAAACAAAAGAAGAACCUUACCAAAUACACAAAAACAAAA,initset3,94.0,7.8406985505241265,-0.3,-0.4159532380245022,3634,c_5
GAAAGUUGAGAUAGAACAUAGAAAGAUAGAGAGAAAAACAAAAUAAACAA,initset4,88.0,7.733448540495146,-0.1,-0.4168535934026177,3516,c_7
CCCACAAAAUAAACAGCACACAGGAAGAGCACACCAAAGAAGGCAGAAGA,initset2,98.0,7.625102321131242,-0.2,-0.420660546260911,3168,c_11
AAAAAAACAAAAAAGCAAAAGCAUCUACGCAGAGAAGGGACACCACCAAA,initset4,96.0,7.543743179641352,-0.1,-0.4209534566662459,3087,c_39
CAGAAAAAAAACAAUACGUGAAAAUACUAAGUAAAAUGAAGAAUAAAAAA,initset4,86.0,8.056209807572827,-0.2,-0.4194518025138893,3079,c_9
CAGAAAAAAAACAAAGCGUGUAAAUUCUCAGUAAAAAAAAAAAUAAAAAA,initset4,86.0,7.890045800118142,-0.2,-0.4194204908851031,2941,c_10
ACAAAAACAAAAGAGCAGAUACACCAUCCCAAACAAUGCUAAACACCAAA,initset4,92.0,7.79546501990812,-0.1,-0.4251149015974354,2887,c_6
CCGAGAAACAGCAAACAGGACCACAGAAGGACAAGAAGAAAAAGAAGAAA,initset3,100.0,7.584167172404005,-0.3,-0.4194039382725149,2609,c_8
CAGAAAGCUCAAGAGAAGCAACAGUUGGAUCCUAAGCCCUCUAUAAGACA,initset2,84.0,7.647615720347253,-0.1,-0.4221983375123243,2188,c_16
CCCACAAAAUACAAGGGACGCAGAAAGAGCACACCAAAGAAGACGAAAGA,initset2,98.0,7.633119093446251,-0.2,-0.4258158029253418,2114,c_44
CCAUUCUGACCAUAGCAUCUCUAAACAGAAGGAAAAAAAGAGAAAUAAAG,initset3,84.0,7.463478425844403,-0.0,-0.4203293337078916,1920,c_41
CCACUGCACUAGGAACAGGACACCAACACCCCUGUAAAACACAAAAUAAC,initset2,90.0,7.280810632196469,-0.0,-0.424162628352642,1907,c_12
ACCGAAAGAAAGAGAGAAACGGAUAACGUGAAGCACCAAGAACGGAGAGC,initset4,96.0,7.765862531647507,-0.4,-0.4236982441328382,1856,c_15
GAAUAGAGAUAUAGCGCACUUGUAGAAGAGCAGAGUCGAUAGCGCUAGAA,initset4,82.0,7.77024059828249,-0.1,-0.4247450470521643,1818,c_13
CCACUGCACAGCAAGAACAACACCUCCACAAAAGACUCUCUGCCCAUAAC,initset2,88.0,7.190753843428777,-0.0,-0.4233839484646514,1707,c_18
CAGAGCCUGGAGCCCCAGCACGAAUGCUCAAAGCUCAGAUCCUGGAAACC,initset4,88.0,7.061821699394897,-0.1,-0.4198856150056865,1669,c_14
CAGAGAAUAUACAAUUCGAGCAAAUCCACAGAGCGAUGAAAAAUACAAAA,initset4,86.0,7.939860937649465,-0.1,-0.428243833973601,1466,c_42
AAAUACAGAAUAAUAGACAGAAAAUUGGAAACAAUAUGGUAGAAGGUAAU,initset2,80.0,7.854294867146645,-0.1,-0.4260130189963289,1365,c_17
ACAAGAGGACAACACUGGCUCAGGACCUGCUAUCACAGCACCUGGAACAC,initset3,88.0,7.114822630822942,-0.1,-0.4261297645439972,1332,c_33
CCAGUGCGCUACCAGUGCUCCACAGCCACCUCCUGCACUCAGCUCCUAAC,initset2,82.0,7.261554812467893,-0.1,-0.4220565177218334,1258,c_29
CCACUGUGCUCCUAGUGGAACACAUCCACCCGUGGCCCACAGCCCAUAAC,initset2,84.0,7.027654369773502,-0.0,-0.4261311144844906,1114,c_22
CAGAAGAUAAGCAUUAAGUGUAAAUCCACAUUGAUUAGAAAAAUAAAAAA,initset4,78.0,7.801954353480715,-0.0,-0.4259511720570358,1083,c_26
CCACAGCACUACAAGCAGAACACCACCACCCCAGGCUCACAGCCCAUAAC,initset2,94.0,7.076142030041682,-0.0,-0.427860768679026,1076,c_34
CUUUAAGUAGGAAACAACUCCAAGUUGGAAACAGCUUGCAAGCCAGAGAU,initset2,80.0,7.354954104705024,-0.2,-0.4164629843347781,1069,c_24
CCCAAAGCGUGUACCAAGAAACAGUUGGAUCCUAAGACCUCUGAAAAAUC,initset2,82.0,7.785377959539754,-0.3,-0.426684105009646,1057,c_45
GGGAGCCUGCAGCCCCAAGAUGCAAGCCAGGACCUGAGAACCCUGAAACC,initset4,92.0,4.502467814898961,-0.1,-0.4204433415226034,1013,c_19
CCCAAAGCCAGCACGCAGCCACAGGAGGAUUGCAAGUCCACUGACAAACA,initset2,92.0,7.254485777605829,-0.5,-0.4182516201001567,970,c_20
CCAGAGCGCUACAAAUAAUCAACAUAAACCUCCAGACAUCCACCAUUAAC,initset2,84.0,7.70254693132757,-0.2,-0.4287130637184994,950,c_21
CACUCAGUCAGUAUCAACUUGGUGUCGAGAACAGCUUGAAAGGCAAGGAU,initset2,78.0,7.508410998635795,-0.3,-0.4140663666016346,783,c_23
CAGACCUUGGCGCCAGAGGAUGGAUGCCUGAACCUGAGAAGUCUGGAACC,initset4,84.0,4.866969267494578,-0.4,-0.4132371570129652,609,c_46
CCAGCUCGUGUACAGGUAGGCAGCCGGUCCGGCUCUCGAAAUCGAGCUCC,initset2,82.0,6.177586460289179,-0.4,-0.416458322558854,586,c_25
ACCCAGCUGUGUUCAUACACCGUUUUACAAAGCAGUAUCAAUACACCAUC,initset2,74.0,7.680125097832477,-0.1,-0.4288305255461505,319,c_35
CUCUUUUGAUAGAACAAACAUUCGCACAUCGCUGUCUACACCUCAUGAAC,initset3,72.0,7.728670325211467,-0.0,-0.4280784449142378,299,c_27
CCUUGAGUGAGUGGCAACUUUGAGCCGCAAGCGGCUUGCAAGCCAAGGAU,initset2,80.0,7.126150326106108,-0.6,-0.4170006454876951,220,c_36
UAAACGUUUUAGUUCGAGAAGCAAUUAGACCACUUCCAGUAACGAAGACC,initset2,76.0,8.023336150053172,-0.2,-0.4322627773800411,132,c_28
GGAAGAGUAAAAGAGCUACUGAGCAAAAGCCAACGGGUCGACGCGGCGUA,initset2,90.0,7.394075172069492,-0.8,-0.419522394328504,127,c_43
CUUAUAUUCCCUUCCCAAGGAACUUAAGGAGAACAAUCUUGAUCCUUGUA,initset2,68.0,7.953083479130226,-0.4,-0.426686206093511,31,c_37
AGUAUAGUCUCGUCUUAAGAAAUUUAAUCCUCGAAUUCUUGAUCCUUGAA,initset2,62.0,7.897301093842791,-0.2,-0.4299066095215243,31,c_30
UAAACUUUAUAGUGUUUUAAUAAUUAAGAUAAUAUCUUUAUUUUAAGAUU,initset2,50.0,7.641644119995252,-0.0,-0.4310720811260713,22,c_31
