sequence,nonU_cotent,mrl,G4,degradation
ATCGGTACCACTACATACCGTAGCGCGCCTCCCGCAACAAACGCAGCTGA,7.0,-0.20819417,0.7,0.42616598280312973
CACCAGCATACGGTAAGGGCTCTTCACAGGCTGCGATACATGTTATTCAA,12.0,0.70118296,0.5,0.4315895964164992
CTCATCAGGATGGTAAGAGTTCTCGGGACGTCTCTCCCATTCAAGTCACC,13.0,1.7483255,0.7,0.42378211843000874
AAAGACTTACAAGTGTAAGCTACGGAAATGGGGTCATAATCACCACAAAG,9.0,1.609474,0.2,0.431084470922077
ACTCTAGGCCCACAGTAAAATGACCATGATGTCACTCCAATCATACCTGG,11.0,2.657662,0.2,0.4306662586734102
GTGTTCGAGGCGACGGGAGCAGGCAAATGCGATTGCTTTGACCAGTAGCT,11.0,0.5364426,0.4,0.4284294214844704
AATGCTTGGCAATTTGGGAAAAATTGCCGACCTTAGGCGCTCGAGTGCAA,12.0,0.7891066,0.4,0.42856076673881427
AGACAGTGCCTAATTCCTCATAAGCAGGAATGGCTCCAAAGCCGGAATTC,10.0,-0.059212312,0.5,0.42853674500375183
CTTCACGGAAAGGACAACGGCATGCCTGTGCAAGCATGGCTGCAAACGTT,9.0,1.2589419,0.6,0.42683640727722966
GAATTCAATGTCACCAGTCCGACCTTATAAGGTACGTAATGTCAGCCTTG,14.0,1.3117479,0.5,0.4334283062735119
ATTAGACGGTTCTTCTAAACACAATGGAAGATCGAAGTCGGACGACGCTC,11.0,-0.03609401,0.4,0.4280611762323895
CGTACACGTGCCAAGCTTGCGACGTAAAACGAAAGGGCTCGTAAGATGCA,8.0,0.8622073,0.6,0.4288854474473644
GCCGGAACTGCCCATAGTACTGGAATTAAGAGCGGGTGAGATGTCTACAA,10.0,1.3682117,0.4,0.43389518304853825
GCGCATCAAGTGCATCTGGAAACGACTAATCAATCAGCTTCTACGGCCAA,10.0,-0.50764453,0.7,0.42694953449674555
GGCCCACTTAAAGCATCCTTGGCTCAGATACATCGGTATCTTGGAGATGA,13.0,1.2121931,0.2,0.4297872102139769
GATCACGGCCGCGTATGCTAATCAGTGCATGTGATTCACGCTAACAAGGA,11.0,0.44899127,0.7,0.4277193702072711
ACCACACTACTAGGTCATGGCGTGCTATCAGGAAAAAGGTAAGCTACGAC,9.0,2.5322223,0.4,0.42754447282971564
GCGTTGTACAGCAACGCGATGGTCCGGCGTCAGGTCACCGACCAAAAACG,7.0,1.777976,0.5,0.4279483114464863
AAACCGTCAGGCATTTCGCCCCCAGAAGGTCTACCAATGGCTGCGGTAAT,10.0,1.4876492,0.6,0.43418019343872327
AATGGAAAACAACATAGTTCAGAGTCGCGCGCATGGACGCGTACGAAGTC,8.0,1.4850038,0.7,0.4297207471647778
CGGTAACCTGGATACTATAGTGCGAATAATAGATTAGCGAACTCCAAGCC,11.0,-0.5680326,0.5,0.4303018457986213
TCAATTGCACCTTGGCGCTACGCCACGCGGAATATCCATGGTATCGTAAA,12.0,0.58419967,0.5,0.43162272202807506
CCAAACGGGAAGCTGATACTTAGCCTTTTAGCAGTCCATCAAATTCCTCA,13.0,-0.6509459,0.4,0.4278117816432102
TTAAATCATGAAAGTCGAGGTTTGGCTGCACAAGAAGAGCTCTCTTCTCC,14.0,2.1642866,0.4,0.4297193074951301
GAGCCGTAGAGAGGCGATGACCGGCATGCAACCCCACGAGCCGGGGGAAA,3.0,2.6010306,0.7,0.4305383719946887
GGACATGAAAGAATAGGGGATGCACTCGTATACAGGTCCAAAGCTAAGAC,8.0,2.2015696,0.3,0.426175830195079
CGCCATCTTGCGTTAGGTCAGCGGCCATGCCAAAGAAAAGTATAAGGATG,10.0,-0.3243219,0.6,0.4269567739399704
CGAAAGGTCATCCTACAAGTGGGGATTATGGGGGCTAATTGGACGTAACA,11.0,1.7826685,0.2,0.43071643937278437
CAGGATGGACTCCACAAGCGCTACGCGTACCAAAGAGGTTGCACAAAGTA,7.0,2.6603441,0.5,0.42965050466157295
ATGGCTAACCGCGCGAGAAGTACTCCCTCCATTAATGGACCTTATAATGA,12.0,2.36307,0.3,0.433642404466062
CTGTAGTCGAACGATGGCCAGGCAACTTGGGCGTTCGGCCCGCTAAATGA,10.0,2.598442,0.7,0.42872669424156884
GCGACATTCGAACTCCGACTCCCAAGTACCTGGTAGGGCTTACGGCCTCA,10.0,0.0666164,0.5,0.4281142124694747
CCTCAAGGTGTTCGTACTATGGCGACAAAGCAAGTGGGAATGTCAGAGAA,10.0,1.8889893,0.6,0.426441898555369
CGACACATGAAGATGGAGTTAGGAAATAAGGAAGCATACGGCGTATGCAT,9.0,2.4620361,0.5,0.4282364686236188
TCGACCGAGGTACCCTTCGGAATGGGACACCAAAGTTCTCCTCCGAAAGA,9.0,2.0137615,0.3,0.4298029374270826
AGAAAGTTGAGCCAACCACATCCAATCACAGTACGCCTATTGAAAGCACT,9.0,-0.64725745,0.4,0.4276588811463601
GGAAAATGGCACATAAACCACCGTTGCGGCGAGATATGGGAATCCCGTGA,8.0,2.5676112,0.5,0.4316462947871234
GCCAGGCAAGTCAAGGTTCGAGCATTGTTATGCATGTGATAAGTACAACA,12.0,-0.4753233,0.3,0.4281971797910897
TAGCGATCGCCTGCTGAACGTAGCGATGGCGAGTTGCTCGGACAAAAGAA,9.0,2.0724103,0.5,0.4261277851905372
CCCGACAATACTAGTGCTTTTAGGTATACACGCATAGTATGTTAACTGGT,16.0,-0.69269824,0.3,0.43092342478197976
CCACAGGTACGAAATACTGTGTACCATCCCCCTTGTGGCAAGATGAAAAC,10.0,1.3077797,0.1,0.42755302605999485
AAACAACCAGAAGTATGATCATGATCTCCAGTAAGCACGTCGTTAGTTCC,12.0,-0.4086446,0.3,0.4275479284694066
CACAGCCTCCGACCAAATATCGGCCTCCCCGATACACGGTCCGAAACACC,6.0,-0.4639152,0.5,0.42695122793719575
TTCCATGAGCAAGCAACTAGAAATGGATCAAAAACCGATTGACCACCAAC,8.0,2.5604901,0.4,0.42936351989572114
AGTTCACCAAAGAAGGAAATTCACAGCTGCAAATGAGCACGGCAAACAAA,6.0,-0.5991348,0.2,0.42587679603615325
CCACAATTTGTTACCAGGTCCACATCAAGCGCGAGACTATAAAGTTTCGA,12.0,-0.42881176,0.4,0.4311107989904043
CCGGATCTCAGGCCCGGCGCTGGACTGCGCGACCAGTCAGAGTCGGGCCC,6.0,0.20564674,0.8,0.42438791869459924
GGAGGTGTAGGCATATTCCTTCCAGACCCAGGAAATGGGGACATCAGACC,9.0,1.8063688,0.3,0.42961737975880904
CCGGTTGCTGTAGGCATGAGAAGAACACGTGATGGATCGCAACAGGCACT,9.0,2.6327536,0.5,0.42683374290530746
AAAGGCACAAAATACCCACGGTCCTCGGCTAATGCCAAAACCACCTCGAG,6.0,0.82057786,0.6,0.4310796342024932
ATGAAGTGCCCACAGAGCGGTCACATGCGTAAAGCAATTAAAGTGAGGAG,8.0,1.329414,0.2,0.4287666184837754
TACAGATCGAGACTGGCGGACGTCCCGATGCGAGGATTGTCCACTAGAAG,9.0,1.0116057,0.4,0.42782304050149145
TACTCAAGAGTCACATAGCGCCCAAAACAGCGTAGCGCCCATTACAGGTT,9.0,-0.4991413,0.5,0.4336548854330102
TCCACTAACGTGGTGGAAGGAAGCGGCCAGCCAAGTCAAGGTATATGCCA,8.0,-0.12507457,0.5,0.4288412772562053
ACCGAACAAGATTTCAGAGAAGCTACAGAGTTGAACAGGTCGGAAGTAGT,9.0,-0.67732143,0.5,0.4279908787479272
CCGATGGCTAGCCAAGCACCTATTCATCTAGATTTAAGGACAGAGATACC,11.0,1.3931422,0.1,0.4293126215161504
CCAATGGCGAACGCAACTTTGAAAGATGCAGAGCGATCAGGTAACCAGAT,8.0,2.9799967,0.5,0.4256318228067579
CAAGATGACGCGCGTAGCGAGTATCAGTCGGTAAGACTACTCGTGGCAAA,9.0,1.7842106,0.6,0.4289419594729269
CCCAATGGGCATCTGATAGGGAACGGCGCGAAAGCATTTACGGCACGCGT,8.0,1.2304704,0.6,0.43051332595380576
TAGCACGGAAGAGCACACCACACGCCACTGCTACCCGATGATTCCAGGTT,8.0,0.77741027,0.5,0.4309372450209953
AACGTTAGCCATGTGGTGGACGTAAGGCATCGCTTGTATCAAATATCATC,14.0,1.4129242,0.5,0.42569769439665045
GATTACGTACCAACTTGACGCGGATGATACACCATGCCAAATGTGTCAAT,12.0,0.9428594,0.4,0.42953926978884516
AAGATGCAAATAACGCCCGACCAGGTAAAAAGGCTACCCGTTCCGACGGT,7.0,1.8829393,0.6,0.43142927077976434
CAAGTCGACATGCGCGAAAGGTCGCTCGAACGTCACTGGGGGACGAACAG,6.0,1.8676976,0.5,0.42724266143666734
CGAGAACGCAGTCGCAATAGTGCCACAAACTCAGGAACAACTAATGGAGA,6.0,0.6760888,0.6,0.4266609183467042
GGCACGGGTGACGGTAAAACTGTAATGATCGACGAGTCTCGTCCTCCCCT,11.0,1.1973407,0.6,0.4327415412664413
CGGCGATTCCTACCTAAGAAGGCAATGTACGACTTAGGTGAATAGTGACA,11.0,1.5132179,0.6,0.4270396758736791
CATAAGTATGTGTGAAAGGCTAGTTGACCCAAAACGGTTGAAAGACATCT,12.0,1.8114138,0.2,0.42921339699545424
AGCCTCGCCAGGCAGAAGGATTGCTAAGTTACTGAAGAACGCTCTTTCTG,12.0,-0.3422033,0.5,0.4307434751737762
CACAAAAATGGCTCCACAGGAAATAAAGAATCAGTCGTCGCCTGCGACAG,7.0,3.174949,0.6,0.42901953312190805
CAACGCGCTATGCGTGCGAGCGAGCTCTCACCGAAAGTCGAGCTACGGCG,7.0,1.6157328,0.7,0.430379541681425
CCATCCGGAGGCACCTCATTTGGGAGGTACACCAACGTAAAGAACGATGG,8.0,1.8100598,0.5,0.42979934401206066
CACTGAGCCCTTTCAGTTCGCTTATCCAAGAAACACGAGCTTAATAACTA,13.0,-0.6998986,0.8,0.4259796570724732
GTCCGCAATAGTAAGAACAACCCAATTAAAGTAACCCATGTTACGCCGCC,9.0,0.7647723,0.3,0.4339871009016359
CCAAACCCGCTTATGTGAGATGGCCTCCGCAGAAGCTACCAAAACCTTCT,10.0,2.1910863,0.3,0.4285677272323016
CCTGGTGACCCGAGGTGATCAACCTCGGATAATGGACAATCCTGAACCAA,9.0,2.0913663,0.5,0.42964976942217026
AGTAGCTGCTCTTACCCTATAGACGATGGTCACCCACCTGCAAGGTCGTG,12.0,2.162131,0.3,0.42655184334999807
CTGAGGGTTCCATCAAAGGTGATCAACGCTCTGTGAGAGCCATTCACGAA,11.0,-0.488803,0.4,0.4268978151598492
AAGCGCATGGCAGTCGTTTGGGATGTCCTACGCGTGAGTAGTAACCACAT,12.0,1.4129045,0.6,0.4303123865578626
CCTCAAGCGTAATTAGAGATTCCATCAACGATCAATGAACCGCTGGCGTG,11.0,1.0386386,0.6,0.4285714820671726
GGACAACCCAATGGGTAGGTCGGCAAATGACTTACTCCTAGGAGCATCAA,9.0,1.8514934,0.6,0.4255531517073915
GCTTTAAATCAAGATGAAGATTGACCAGTGGGCCGATTTGGCAACAAGCT,12.0,2.287951,0.4,0.4315743528185664
CTGAAAGTGGGGCGTCATACCCACTTCGAGGCGAGCAAAGGTGCCGAACA,7.0,0.15233465,0.5,0.42836740787770294
CCTCAACACAGCCGCTAGGTTGGGCACACGGGAATCCTCTACGACCCATG,8.0,-0.3167077,0.3,0.4269140404382267
CCGACTATGGCGAGCATTGGACGCGTCGCGGTCCATTAGCCATTAGTGGT,12.0,1.7900981,0.4,0.4281613257003797
CAGAAAGCGAACACGTCGCATAAAGATAGGCACCCCAGGAGGTACGTAGT,6.0,-0.29488552,0.5,0.429994454158319
CTACTAAGGACAGGAAGTTTAGTGGAATAATGGTAAATGTATCAAACGTG,13.0,-0.13767084,0.3,0.42644052851441744
GACATCGCTGACGTTAGTACACAGGCAAACCACGACTTCTCGCCAAACTA,9.0,-0.45884213,0.6,0.4286392461689743
ACAAGTCTGGCAGTAAGTTATTCGGCCGCTACAGCGCGCGCACGAACAAA,8.0,-0.08088559,0.9,0.43063153651920527
TTTTCAGATGGATGGTCCGGAGGAGTCCCAAGATGCCCAACTGAACCACC,10.0,2.6694856,0.2,0.42813969215428505
AAATGAACACCAGCTCGACCAAATGTACGGACGTTCGGGAATCCGTAAAA,8.0,0.37991714,0.4,0.42935570868285927
CCGATGTGTAATATAACTACAATAGCCATGGGAAACCTCGACAGGACTCA,10.0,2.087716,0.3,0.4343398482855913
GAGGATGCGCATGGCAATGACGTACACCGCATCGAAAATCCGGCGAAGAC,6.0,2.5196533,0.6,0.4296835296862834
CCTGTAATGAGCACTCACCCTCGCAGAGGAGGCAGCCTTAATCCGTCTCA,10.0,1.2952287,0.3,0.42898979535779436
GGATAAAGACATGAGCGAGGATTACCGCTCCTATGATACTCCTGAAGGGA,10.0,2.0117388,0.4,0.43005466563476097
CCGCCGAACCTGGCGAGGATAATCCCAAATGACACTTTGTCAAGCTGCAA,9.0,1.6420054,0.5,0.43430017541791943
ACCATCGCCACACTAACGCACGGCAGGTATGTCCGACAATCGTATCCATC,9.0,2.1294086,0.5,0.431176214588655
CCCTGTTCGGGATACGAAGACTACCAGACCAGACATGAGTCAGCATAAAA,8.0,1.7426136,0.8,0.4298562727183909
CCATGTCTCTGTCGGAACGCTCCGCCGTTAGGACCCCAATCATCCCCATT,12.0,-0.20335406,0.5,0.43292008829277917
ATAGGCCATTACGCTCACTGAATGTCGTGCAATACGTTCCGATTGGTACA,14.0,0.7528175,0.5,0.4321815313116924
GGACGCCCCTACGAAGAGCTATCCCATGATAGCTAATACGAGTGCGCAAG,8.0,0.9624953,0.6,0.4339351020390923
CAGACGTGATTTCTATTCAGAGATGAGGTGGCAACTTCCCTACCCAGATC,13.0,1.9531119,0.4,0.43034267255583325
GAAATGCATAACAGCTCTAGCATGGTCGCAGCACGTTCGATTCTGTATCC,13.0,2.1741638,0.4,0.42922982111975955
CCACCACTGTCCGCCGCGGCGATTTCACTCTGTGCATCGCACTTGAGGCC,11.0,-0.41359612,0.4,0.4302712777981887
AGTGGATACGGTATGGATCTATGTCGACAGCATGGAATCTAAGCCTGGTA,13.0,2.3635776,0.3,0.42837444707751277
CCGCCGTGCTTGCTACGTGTGGCCTCACGTGGCAATGAAGTTGATGAAAA,12.0,1.606504,0.5,0.4211521450490565
TGGGACCGCGCTACCAGACCGGTAGTTAGCCAAGCTCGGCGCGTCCCAGG,7.0,0.81786525,0.7,0.4279199733121975
GTTGTGACCGAGAACATCTTTGGGATACGGTGCCATGGGCTACACCCCGA,11.0,2.0660932,0.4,0.4258929591404425
CCGCAAAGCCCGATTTAAAATGAGCGACCGAACAGAATGACACCACAGTG,6.0,2.5315356,0.6,0.4312321554970097
CAGGCGCCGGCGATGGGACACCCGAACCCCGCCCCCGCGCCGGGTACGAC,2.0,2.7255926,0.9,0.4269103048218263
CTTGCTGGATAGCAAACCGTACCATCCATGGCCAGCATAACGACACAACC,8.0,1.2140357,0.3,0.42857198132051005
CCGGAGTAGAGTACTTGATAACACCATGAAATCCTTTCGTGGTCGTCTCA,14.0,2.4491854,0.3,0.43180846927939237
TATTGATGTTATGGCAATGAGTTCGTTCAAGGAACAAGTACATCTCATAG,16.0,2.332664,0.1,0.4292683181086102
CCTACACGACAACTCATAGCCGCGGACGTTATGCAAAACGTCTGCCCGTT,10.0,1.2636243,0.8,0.4275544061290251
CGATGGTGACTCCAATAGCCGCAGAGACCGAATGGTTACGCTTAGTACCG,10.0,0.29530352,0.5,0.4323824192301647
CCATCAAACTGCCATGCTACAGTCACGTGAGGGAAAACTGTTCCTCTGCT,12.0,1.7620361,0.2,0.4252435682834806
CACCAATTTGGTATCTTCATAAGGTGTTGAATCCATAAGGCGTACCCAAA,14.0,-0.49323073,0.2,0.4333647660790263
GGATTAAATCCGTTCAATGCCCCCCGCGAGGGCGCGCATGCAACTTTGCC,10.0,1.4950523,0.7,0.4275454208093721
ACTTGCAACCATCAAACATTAGCGATAACATAGATGCATTATCTAATCTC,14.0,0.6262921,0.2,0.4281350879572533
GGCCAAATTAACACCTGCTTCTTAGCGCGAATGTGAACCCCTGCTCCGAG,11.0,1.0882561,0.3,0.4317184476755761
CAACGCCGATATGGAAAATGTTATCCGCCACTTCGATATCATTTAGGACG,13.0,1.7261889,0.5,0.4326403067965765
CATTAGATTAGTTAAACTCGAGACAGAGATGAAGACGGCCTTGCAACAGA,10.0,1.8316107,0.4,0.42938063149113914
CTGAATCGCTTGGCCTCTTGGACAATAAAGGCCCACCACCAAACGGAAGC,8.0,-0.55834997,0.5,0.42593171221581666
CCTGAGGACGTCAAATCCACTATGTGTCGCACAAAGACTAGATAGGCCTA,10.0,1.6633818,0.3,0.4292429316929869
GCACGACAAGGTGTCGGCTTTAGAAAATTACATTGTATAGAAAGCATACC,12.0,-0.5793147,0.2,0.43111389389714677
ACATGCCAACCGGTTTACGTTGTTATTGCCAGCGCCTGAAAAAGCGCAAG,11.0,-0.23164418,0.7,0.43290925423438487
CCATTACTTCGTGCGGGAAACGAAGGGAAGCAGGAAAATGCACGCTGAGT,8.0,1.8130469,0.6,0.4265511787743182
CCATAAAGGGTAGAAAACCACTTATACGCGTCTGTGCTGTCGCGTAAGAG,11.0,-0.3732361,0.4,0.43124321724917436
ACACTAACCATCTGACCAATAGCAACGGAACAGGATGGTCGTCCACCAGG,7.0,2.204118,0.4,0.41959420730866204
CAGAGAAACCCTTTCTGCCACGGTTGTGTACAACGCTGCAAGCCAAAGAC,9.0,-0.6638452,0.3,0.4273440504879565
CCTGTCGGAAGGGTACATACGTCTGCAGAATATGCCACCGAGAAAGGTAA,9.0,1.9868753,0.3,0.42840420291230485
CCCTCCGGCATGGCTATTGCGACAGATACCTAACGGACGCGCCTAAGACA,8.0,1.3105333,0.6,0.4271371389442199
CAACAATCTAGAATGGCAGCAGCCAATCATGCAGGAGAGCAGTATATGAT,9.0,2.42801,0.2,0.427101609710906
CAGGGTAATATTCTGTCCATCGTCCAGAGATGATATCTTAGCGTACGAAA,14.0,1.0505893,0.2,0.43266666094999057
TCAACAGGAGACCGGCACTTTGCGCGCAAATTCTTAGAGGTCAAAACGAA,9.0,-0.5802101,0.6,0.4291954728960991
CAGCATGCGCCGAGGGGATCGAACCGGGAGGTACTCACATCATCTTCTCT,10.0,2.0898287,0.3,0.4259029804693686
CCCCACTAAGACCAGAGGAGTATTATGATCGACTGAATCAGATGGATCAC,10.0,0.8084934,0.5,0.43154382746364617
CAGACCATGGCGCCCGAGGATGCACCCAAGGATAGAAGCGCTCAGAGAAC,4.0,2.934743,0.3,0.42304713900830293
GTAACAGTACGCCCGACATTCCTATGGAATGGCGTTAGCTAGTGGCTACA,12.0,1.6025751,0.6,0.4276473750294866
ACGGGAACTTAGATAGATGGCCGGCATTGTACTACTATGGCTGAGGAAGT,12.0,2.6593769,0.4,0.4315391851639425
TAAGAGGTAATCCATGTTAACTAAGGATTTAGTGGGAGTCGACCCTCGTT,15.0,1.0284104,0.4,0.43056853900084624
CGACGAGATGAGTGGCAAGGTCAAGGATTTGCGTTACTGACATAGGATTC,12.0,1.1774495,0.6,0.4287287334815876
CAAGATGAACCTCAGTATACTGTTACGCAGTAAAGTTACCGTGGGCAATG,12.0,2.3279037,0.2,0.4314593652132395
AAAAATGATCAGGGCTTGTAAGATTGGCAACAAGCCAAAACAGGCTAAAT,9.0,2.1198444,0.3,0.43025110871405214
CCTTGAGTCCGGGTTCAAGGGATGGAAGTCGATTAACGCAAGCGCTAAAA,10.0,1.0855795,0.4,0.42805026010081576
CCGACAATAGAACGAACTCGCGACGAAAGAGGTACAAAAAACGCCTCGAG,4.0,-0.52682424,0.4,0.4266418604995753
GCAACTCAATGACATGGACACGTAATCCTTGATTTCTCAAACCTGCAACA,12.0,0.88885,0.3,0.42603853797187674
CCAGCGATCTGGCTACAATATGGCCTATTCATTACACGGGATGAAGGACA,11.0,3.1291828,0.4,0.43142612644144007
GGAAGGCTACCTCGATTAGTACAGAAACATTCGATTCACTTAAAGATGGA,12.0,1.0738349,0.3,0.43136724942439314
CCCCGCGGCTGCCAAAATAGAACATGCCCGGTCCCTTACCAGGTGATTAA,9.0,0.76283526,0.6,0.42970778726242687
TCGCTCAATGAAGCAGCTGAGAAGTCATAGCGTCAACATGTAGCAGTCTT,12.0,2.963471,0.4,0.4302579769169962
TAGAGAATAAATCAGAAGTCAAAATAAGATGTGTTGCGTGCCAGATAAAA,11.0,1.5610068,0.4,0.4284754947069529
GTCTAGTCTTATACTGAGGCCCGCTGATAATATGAAAAAGAAAAGGGATC,12.0,1.6412423,0.3,0.4295763705993021
CATGGAGCCTGGAGTGATAGAAGTTACCCAGAGCCGTCAGTGGAGTCGGT,10.0,1.4384981,0.3,0.42548728954147647
CAGTGGGATGACCGAGGACGATGCATGCAGAGCGTCTCTAAGACGGGGAC,7.0,2.1041865,0.3,0.4306557757709477
AACGTGAGAGTACGGAATCATCCCCGCGCGCTGGAGTCCATTACAATTCA,10.0,0.15231462,0.7,0.42779813051223753
ATCGCGATGTGTCCGCAAGTCACCAGAGCGCATGACGTACAACTAACATT,10.0,2.0265987,0.7,0.4315310843248625
CTAAGCAGCCCAATGACGTAGACCGTTACAGCCACGGGATGTGGCGGGAG,7.0,1.6434213,0.6,0.4266598487584978
AACTCACCTGTGCTAAACTCCGTTATCGAGGCAATGGGAGAGGTACAATT,12.0,1.5594021,0.2,0.43075126962081806
CTGTCGTCACTCTAAGATTCGGCGACAATATACGGCGATGCTGATTGACG,13.0,1.2745641,0.5,0.4310454591585172
GCCATCACAAAACGGTCGATGGTTGTCATGGAGTATGTCGGGAAAACCAA,10.0,1.9337132,0.5,0.42753232533867297
CCGAATTGTCTCACTGGCGGTCCAAATGGGAAAAAGATGTAGGCTGACGA,10.0,2.6141882,0.5,0.429103437158707
CATGACCGCCCAGACGCTAAAACGTGTGGCTTCAGAAGGCCTTCGCGTCA,9.0,0.8347298,0.6,0.4265789213454401
CCTACTGCGCTCAGGCCTTGTGTGCAAACGTGCAGAAATGACCCTTAAAC,11.0,1.9574877,0.3,0.42850536447924537
GGGCAGACCTAGAGAGTCGACATTCAGTCTCATGGCCCTGCGAAGAGAAA,8.0,1.6176827,0.5,0.42415171650615896
CTACCTCGAGTGTCCGCGCATCTGTAAACAGCGGGAAGAAACTAGAGTCG,9.0,-0.33835635,0.6,0.4260993162361351
CTGATCTAGCATGGGAGAACGACCAGGAGGCATGAAGTCAGTCACAAATC,8.0,2.7558208,0.7,0.42706623888096296
CCAAGCTCAAAAATGGACTCCGCGCCAGCGAAACATAAGCAGACAACGGA,4.0,2.429121,0.8,0.4275065598737549
CGTTGAAACCATGAGGTTGATAACCTCAGTTCAGCAAATCAACATAGATT,13.0,2.4467044,0.3,0.43092381342037306
CGGCTTGGATGAACTTAATTAGAGCAGTTTAGTCCATTATCTATTAAGGT,18.0,0.16383341,0.2,0.43281885356516453
ATAAAAATAACGATGTGTAGTATGGTCAGGAAACGTGCTCCAGCGGTTTT,14.0,1.7192041,0.3,0.4315482571157249
CCTACAGCGTGCACCTGCGGGTATACTAACTCAAAGGGAGACATTACGAG,9.0,-0.51603687,0.4,0.4246851589953577
TCAACCAGCTCAGGTTTGCCCGACGTCACTCGTGTGGTCCAAGTAAGCAT,12.0,0.032691836,0.5,0.4306103191665701
TAAGATGCCCGCTGATCGAGCCCTAATCAGGTTTACCTTACCAAAGTGAC,12.0,1.6125014,0.4,0.43256687686250017
GCTCCCTAGGGCACTGCATCCTATTGAACAAAGCAGTTGGAAAAGTGCTA,11.0,-0.37821242,0.2,0.42774345501049144
CCCAATGTGAATAGGAACGCGGGAGCGCGTCCGGAAGCCGGCACATTAGT,7.0,1.0767798,0.7,0.42767958997874644
CCGAAAATTCAATCGGCGTACCTACTCGTTAACGGCAATCCCATGCTACA,11.0,0.2682631,0.4,0.4320921410096658
GGACCGTATGCCGAATTCATCACCTCTACGACAGGATGCTCGTAAACAAA,10.0,0.7541592,0.4,0.42999036372513383
ACTATGCTTTGCCGATGTCGGTGCAAACCGAAGGAGTTACATCGTAGAGA,12.0,1.3992012,0.5,0.4293506842046171
AACACGGAAAGAGGCGGACCGCCCCAAGCAGCAAGATCACACCAATTATC,4.0,-0.32327577,0.6,0.430048917258108
CCAATGGCCACCGGACCAGCAACCCCGCTGACAACCCCACTAAATGCAAC,4.0,1.8087924,0.5,0.42888717816488164
AAACTACAGCGAGAATGTTCGGCATGACGGCGTATAAGCATGCCAAAGAT,9.0,-0.04319921,0.3,0.42871467703097577
CATCGACAATGTGCCGGAGAATTAGGGTAAGCCTCAGAAGCTGATTTGCC,11.0,1.1720679,0.4,0.43102808881450344
ACGAAGCATCAGAATTACGAACTCCCTCACTGGAGAAAGCGTTAGAATGG,9.0,1.3526093,0.4,0.43137549450671353
CCGGAAACGGGATCAAGCGAAAGGAAGAAGAGTATAGCGCCCTAGTCAGT,6.0,-0.6656736,0.7,0.42754848247444305
CCCCAAGAGCGAGGCATTATGGCGCCCCATAAGTGGTGTAAGACGCAGTG,8.0,2.3549285,0.5,0.43440672537764985
ACCTATTATGACCTCCGCCATATCACATATCAGCAATGCCCGATATCATT,14.0,1.8052783,0.5,0.435211175414356
TCCCGTGAGCGCGAAAACCGTACGTAAGGAAAATACGAGGAGCGATACTC,7.0,-0.63902795,0.7,0.4308098882436752
CCAGGGTACCAGGATAATCCATGTAACTGTAGCCAATGCCTGACACTAGG,10.0,0.18480597,0.3,0.4274632119890806
CGGAAAGGTAACCAGCAGCTCCTTTCATCGGAGCTGGGATCAACTCCAAT,10.0,-0.35253182,0.4,0.4311265660621024
GGCAGTGCTTTACCGGACCAATTCCTCGTCACCACGACACCGGACCACGG,8.0,-0.011864021,0.7,0.4241877950446026
CCTAAACTTGACTCCGCTAGAGACACATCCCACCCAAAAAGCTCGTGCCG,8.0,-0.37240306,0.7,0.42914120024120483
AACCATGGAATGGGAGCCGGGAACATGGTCGAAGACACGAGAACGTGAGA,5.0,3.1869807,0.5,0.4277024568249157
CATACAATACTAAGTACTGACTCTGAAACGGAGCGAAAACACCCTATCAA,9.0,-0.53336394,0.3,0.42863649032405904
CTACACACGACGAGTCGGGATTAAAGACCAGCCTCATCAGAAGATAACGC,7.0,-0.38735285,0.8,0.42735510748785893
GAAAGACATGCCGTTCAAAGTATCACGGCTGAACTTACAGATACTGCACC,10.0,2.3697376,0.4,0.42899588618729567
AAACGTGCCACGATGGTCACTCTCAGATACCAGTCCGACATTGCTAAAGA,10.0,2.2243156,0.4,0.4294346432508649
CCGCTGGTTCCAAGTATGTTGGCGAAAAACGTGAAGACCGGCAGGGCTCC,9.0,2.047293,0.4,0.42736727022641413
CGACGTTTGTGGGAAATGCGACTACGGGCGCAGGCCATGATCCTATGGAA,10.0,1.8831546,0.4,0.4261720093520912
CCTGTCATATGGGGCTGACCAGTCCAAACCGGGCTGGCTAGCTTCGGACG,10.0,0.9886296,0.6,0.42657648808247334
CCAACGAAACATGTGCAACGCCGGGGGGACATACAGAAATCCTCATACAC,6.0,2.7190373,0.3,0.42515313510959213
ACGTGGCATGCGTGATATGTCGCAAGATCACTCCAAAGATCGAAACAGAC,9.0,1.538764,0.4,0.4292559643049498
GCGACGGGTAGAAAACCGTCATGGTAGCTTGCAGATCAGCCTGAAGGGGC,8.0,1.1603041,0.4,0.42749979070715
AGTGATACGTTATTACCTCGGAAGGAATAGGATCAGATACGGAAAATATC,12.0,-0.7356713,0.5,0.42914627526257487
CGGCGAACTGCACACGTAAATGGCCCCACGCATTACGCCTCACCATAGCA,7.0,1.4142606,0.8,0.4290392858837102
CGCGATATTTAGGAACACTGATTCCGTCGCATTGCACACTGAGAGGTACA,12.0,-0.75060344,0.5,0.43166246737177305
GGCTGATCGGAACGCACCCGGAACCGGTCAACGCAAAAACCAAGCTGGTA,5.0,-0.4294972,0.8,0.4277251176656903
CCGAGTTGATCGGTCAGTGAATGATCCCATGCCTAAGACAAACCGACAGT,10.0,0.36133397,0.4,0.4284481536214416
CACAAAGAATAGTGCGTAGTATGCATTTTTTAAGTAAGAGGCGGCTTATT,16.0,-0.22267607,0.6,0.4317244096140604
TAAAAGGATTGTCGTGGCCGAGACTGTGTGCTCGCAAGACGGCCTTTGCC,12.0,-0.5086838,0.5,0.43032980597502474
CTAAGGAACCGGCATACTTAGCGCATCAGAACAGGATAAGATGGGAAAAG,7.0,1.470901,0.3,0.42769986703186424
CCCAAGAATGCAAGCGCGCAGGCTCTACGATCGCACGAACAGTCAAGACG,5.0,2.2149699,0.4,0.42539856307409907
ACGACCCCGACTCGGGATGTCGGCTATAAAAAAAGGTTATGACTACATCA,10.0,2.2971373,0.6,0.43215908193910446
CACGATGGAACTACTCGATCAGCACACTTTGGTGAACGGTAAACTCGGTA,11.0,2.7190976,0.6,0.42721905058300175
CCCAAACGCAGAGTATGACCTAGACTGTACTTGGAGCTTATGGAAATGAC,11.0,1.4673741,0.3,0.4255694462560319
GAGATGAAATGTTCTACGTTCCATTCGAAATAATCGCTAAAGTACTAGAA,14.0,0.5757737,0.2,0.4348741090378246
CTCTAGGGTGCAAGATAGACTAAGCATAACACCTCTTGGCGTTCGTCGGA,12.0,-0.49686453,0.5,0.4279394543976397
CGAACTACAAGATGTGTAAACAAATCCAGAAACTGGCGCCCACAAGAAGA,6.0,-0.24031934,0.8,0.434569350489088
TCACGTAAAGTATGCCAGAGTGGATCAGGATCAATTCAGCTAATCGTCTA,13.0,-0.07406998,0.6,0.42940513983771605
CCCAATCGCAGAATCATTTTTGCGGGTAATGGGATATGCTACGAATGGAC,13.0,0.94679856,0.5,0.4320281738767753
CCAAACTTAAGTATTACGTGGAAATCCTCAGAGGAAAACACAATAAAATG,10.0,-0.7845814,0.3,0.4282724190765136
CTTAAACAGTGGTAATCAGTAGCAAAGGAAACGTGACCAGCGGACAAAAC,7.0,-0.6119883,0.4,0.42671523919782123
GGATGTATCCCGTCAACAGTCCTGCCGTGCCCTCGTGAAAATTTAACAGG,12.0,1.2913241,0.4,0.4281900310516357
GGTAAGCGAATGGATCTGAGGGTTTGGGAGTAACAACAAACATAGCGGTC,10.0,0.8970926,0.4,0.42744174668112317
CGATCATCTCCTTCCTTCGGCGGTCCCGCCCGGAGTACAGAAACGCTAGA,10.0,-0.15607849,0.8,0.4254075667020437
CCATGCCGCAAAAAGCGCAATGCGTATAAGCTTTTAATTTGAATGGAACT,13.0,1.116926,0.3,0.43406171296093915
AATGAAACAGGATGGCTCGCAATGCAGCTCTAGCACAGTACACCGGAAGA,7.0,0.69489706,0.3,0.4257596590128299
CACGTCAAACTCACCTCTTCACGCGCAAAAACGTGGACTATACCGAGCAA,8.0,-0.64637256,0.5,0.4285179799795151
CCACTGTGGGTCCGGCATAGAACGAAGACCGATATGTCTAAAGACGGATT,10.0,1.4397981,0.5,0.4327291656265388
CGATATGCGGTACCTAGTAAAATCTGGAGTCAGAAATCCACGGAGATCAG,10.0,2.213921,0.7,0.4326259881499651
CTTCGACGCCGCTTTGCCTCGGCTCTATATCGGATGGTTTTCGCTCAGCT,17.0,0.6419779,0.6,0.4318662578995163
ACAAAGGATTACGTCTTGAGGGCGAGTCTATAGCCTATGACCTGGGCTAA,12.0,0.4183369,0.5,0.43062673360109327
AGACAAGTCCAAGCCATGGTCGCGTTAAGGCTAAACCCTCAAGTGTGATC,10.0,1.6938016,0.5,0.42791503528485425
CCCTGGCTTGTTAAACTGGAGACAGGGTCAAGTACCACTGATGCAGGTAA,11.0,1.2629657,0.2,0.42617469966814325
CTTGGAGTCATCTATTGCCAGGTAGGCAATGAGCTTACCGAAGATACACA,12.0,1.5195947,0.4,0.42403486264718543
CCCCCAATTGTAACCAGAAAATCACATCCAAGGAAAAGAGCCAAAGGAAT,6.0,-0.7489269,0.4,0.42987589390293973
CCGAGCACTCCAATTGGATTTCGTAATGCAGCGATGGCAGTTACGACGGA,11.0,2.2763019,0.5,0.429068546814693
CCCAGAGGCTGACAGATGCCATCTGTATGCCAAAAACCTAATGCAGTCTC,10.0,1.7082082,0.4,0.4306169687735068
CACAAGATAGCAGTAGTCTCGCCAACTGTGAGTATAGCTTAACTGCTACT,13.0,-0.65039957,0.2,0.43291174532593907
CGTTAAGGTATCATCATGTCGCTCTATGCGCAAAACGGGAACGGAGCAGA,10.0,2.4193144,0.7,0.42675188916357787
TCCACGGGTGTGATCAGCACGTTACACCAGCCAGGCGATGCTGGCACATC,9.0,1.5151267,0.4,0.4288120451730651
CACGACTTAGGCGCTATCCTGAGCTTGTGTGTCAGTAAACGCTCCCACTC,13.0,-0.19293427,0.6,0.4323335464500092
CTATCAAGTCGAGATTGCTACGGCGGGACTGTAAGGGACACACACCCAGA,8.0,-0.3166525,0.5,0.4293942214830502
CCTGGGCCTCCCAGCGCAAGAATGGGCGAGGGAAGCGAGGATGCTAGACA,5.0,2.951696,0.7,0.4268814293436102
AACAACTTCGTGACGCACGTAAGACCCTTTCGTACTGACATCTTGGCAAG,12.0,-0.10363674,0.6,0.42956947853033606
ACCATGACTCTCATGAGCTCGAACAAACCGCGAGGTCTCCCTCAAACGTG,9.0,2.3597121,0.6,0.4275727667800478
CCAAGGCATTATCCGGGACCTATCTAGCCTAAGAGGCTGATGTTTTAATA,14.0,0.037777215,0.4,0.43580223203510854
GCTATCCTTGTGTACACACGCAGTGTCTTAGGCTCTGGCAACATAAGGTT,15.0,-0.56279814,0.3,0.430265362158015
CGCCTCGTATAGTCCGATGGGGAAGCGCTGCAAAAAGCCCCACTTTAGGA,9.0,1.618951,0.5,0.4309922504022315
CCCTGACGTATACGGCGTCAGCGGGGCAGAACGCAAGTGCGGAGATTTCG,8.0,-0.088613555,0.6,0.4276977703780741
TTCACTGCAAGATATGATGATCAAGTGTCGGCAGCTACTGGACTATCATT,15.0,2.0372021,0.2,0.43060252213800276
CCGCACCAGTTCTGATGCCGACCACCCGACGCGCCAAAACGTGCTCCTCG,7.0,-0.31473142,0.6,0.4231659505576701
GGGACAGAGATGAGACCGGATAATGGCTCAGCCACCATGGCAACAGGACA,5.0,3.3119192,0.4,0.42809635610999286
CATTAGTAGGAACATTGGTACATATACCGCAAGTGAACCGAACAGTTCCG,11.0,-0.4712865,0.2,0.4267075430742792
CACTAGCAGAATTGCGCTACTGCCCACTCGGTCTTCGCTACTGTGAACCA,12.0,-0.4824048,0.4,0.4283257140742766
CTAACCCCCGCCGAATAACCATCAGAGGCGTCACACCGGCCTGGCGAATT,7.0,0.012929305,0.9,0.4305098912683693
CATCGTAATGGATCAAAGTACAAGTCCACTTAAACCTTCCTCAAAAGAGT,12.0,2.353175,0.2,0.4303969950057159
CCCACTTGAGTTCGTACCCCGGACTATTCAGACGAAGTATTCACAGGGAT,12.0,-0.6379287,0.4,0.4298065684816322
GCACACGGGTCCGCGAAAATGCTTTTCGGTCCCCTGCGTAGATTGTAACA,12.0,1.5838215,0.5,0.4315968222392572
AGACAGAGTCGTACGCCGAGAGGACCGCAGTAAGTGTATATGTACCCGCG,8.0,0.5466939,0.3,0.43190402457037486
GATCATGTCTTATAGACCAAAGCTGGTCAGTGACAGAGTAAACACCCAGA,10.0,2.2758543,0.3,0.4325926398344942
CACGTGAGTTCGGCCCAAAGCATAAATGCGGGTGAAGGACATTACGCATG,9.0,1.2438211,0.8,0.42874206037940205
GAAAAGCTCCTACACCTGTACGGGAGTATGACGGGAAGGATAACAGCATC,8.0,1.4146698,0.3,0.4281070209354968
CACGACAAGGAGAGACGTCCGTCCGACAAACGGCGGGTGTTTACCTCAGT,8.0,-0.26337096,0.6,0.4262022206187248
GAGAGGCGCTATGATCGCACTAAATGACAACACAAGTCTCGACACCTCAC,8.0,2.0598423,0.5,0.43179857105016706
CCAACTAGTTCAATCCCGTAGGGGACGCGTAGAAACGCCAAAATGAGAAA,7.0,1.4693663,0.6,0.4296155121600306
CAGTATGCAACCTGTACCGGTTACTGTGTCACACATAAGGCCGGAAGCCA,10.0,2.4118104,0.6,0.42834692308226147
CCTTAGGGTCTGTGAGCGACATTTCTATCACGCGAACAAGCGCCCTAATA,12.0,-0.4950308,0.6,0.4305619282537215
AACCAGGACACCACCCGCGTTTACAGGATCTATTCCATCACGACCAGACC,8.0,-0.37811574,0.5,0.428824427788322
CCCAAGGCTGGGACGAATGGCACTCCATTACGTTACCTGAAACCGGCGTG,9.0,1.302521,0.7,0.4286580054260589
CAATAACGGTTTTCCCAAGCGGAGGGAGCGTCATAGCTAAGATAGTTACT,12.0,-0.723464,0.5,0.4341185129413734
ACGTAGCGCACGAGTTTATGCGCTATGTTGAAAGCACATGAAACTGTGCG,12.0,1.1536174,0.6,0.4304680636283514
CAGCCAAATTGTAATCATGGACTCTAATTTGGTGCGAAAGGTTGTAGCGT,15.0,2.8451686,0.3,0.42927285962008144
ACAGGAAAGTTGTGTCGTAGGCACAGAAGCCTAGCAACGACGAATAGATC,8.0,-0.6391157,0.5,0.42880780118945483
TCGCGAAATGAGCGTACCCTTCAGTTGTGCAGAGCGGTTCTGGTCTCTTA,15.0,1.9148414,0.4,0.4306272908924399
ACGATCCTTGTTAGGCATGTACACACAATTTGCGGTAGCTTCGCAGTGAT,15.0,1.3323212,0.4,0.4259276783144152
GAGTGTCCAGCTCATTGAGTAGTCTGTGCGACAGCGTCACAAATTGTAGA,13.0,-0.579368,0.5,0.4315121016872896
AGTTGAGGGATATAACTGGAGAACTGCAACAACCACACTGATCGTCGGTT,11.0,-0.7238909,0.3,0.4304991461054699
GAGACGGTTCAACGCAGATGTTTCCTTCGAGTGCAGTAACCTAGTAGTCG,13.0,0.56490916,0.5,0.42778649928602014
ACTAGAAATGTTCCAGGCGTCATTCAAGCTGACGGGATGCGACGGCTCAA,10.0,2.4543257,0.7,0.4284801517145054
TCCTACCTGGCTCGCGGGACGTGCTATGATCTAGTCTCAGGAAATCCCAA,12.0,0.90678096,0.5,0.4299161134861611
TCATAAGCCACCCAGACCCGACACAACGTGACGTGCTTTCGTCACTCAGT,10.0,-0.40046397,0.8,0.43110921347463455
AAGGTTTGTCCCGATGCGTCACTTTTAGAGTGAAGCGCGAACGCAATGAT,13.0,1.0943891,0.7,0.42838721509318095
CAGCATACACCTCCCCATCTCCCGATAAGGAAGCTGGAGGATGGGGGAGT,8.0,1.6073244,0.5,0.42752949456910827
GCAGAAATGGGGCATGCCCGTACATCGTGTGGAGGGCGCATGGTCTGCTC,10.0,2.9910371,0.3,0.4306963687410226
TACAATTTTGCACAACGGGTGAGGCCATCCAATCTCAACTCGTAAAAAGA,11.0,-0.34205788,0.4,0.4293356103913204
AGAGCTGGGGGTCCAGCACATTGAAGTTGAAAATATGGGCGATAAAATCT,11.0,2.4370246,0.1,0.43306812219523094
GCAACTCCGAAATAGGTGCTGTAGTTTCACAACAATTGCGCTTAACTAGA,13.0,-0.34692505,0.3,0.4322679396738877
GCGAAATGACGAGCCAAACACAAGGGAAAGGCGATCCGATAGGATACCAA,4.0,-0.5179086,0.7,0.4275428347652023
GCCTCCACCCGAGGCCGATTCGTTGATCGTATAAGGCCGAACTGCCAGAA,9.0,-0.3034462,0.7,0.43270727338017645
TACTGAAAGGGACAAGGTCGACGCGTGACTCGCTCAAGAAATGGTTCGGA,9.0,1.4682416,0.8,0.4280489226209151
ACTGAACCTACCTCAGACGTCTGAATGCCGATGTGTGCACTCTGGCAATT,13.0,0.7633177,0.4,0.4305351339079238
AGTGAAGGAGTAATGCCGCGGTCAAGACTCACCCCGCGGAGGCACGTCAG,6.0,2.3608527,0.7,0.4276229106131438
CCACGATGCAGCATCAATCTTGTGCAACCGGGTGCGAAGCCTTACCACAT,10.0,-0.00083968043,0.4,0.4308265127201338
AGTTGACAAGATCGTGGGCAGAATGCCCCGACGGAAGATCGTAACATGCA,8.0,2.6506243,0.4,0.42947060525014596
ACATACATTGACCACATAGCGCGTAGCGGCGCAAACCACGAGGTGAAAAA,6.0,-0.5576925,0.6,0.42785307360661995
CCTCCCCCACCTCATCCGGAATCGTGCGATGGTTCGTTTCCCCTGCTGTA,14.0,1.5017049,0.7,0.42792046405979106
TACTAGGTAGGCTGCTAACGGACGATACGGTTCAGCGTGAGTAGTAAGAT,12.0,-0.53981864,0.5,0.42918396157992855
GTCAGCGTCGAAATATGGAAGCTACTGAGCAGACAAAAGGAACCTATGCA,8.0,-0.10503882,0.8,0.4310245665102392
GCCAACGATGAACCCCCCTCACACCGAGAAAACGCTAAGAACAATGAGAA,4.0,2.618626,0.4,0.4299241885925467
AGACATGTTTCGTGGTATGCAACGTTGGAAGAAATGGCAAGGCCTCGATC,12.0,2.5770664,0.5,0.42787411336963244
CCGAGACGACATCGTCGGAGTCGACATTTACGTAGAAACTCAGACGAGAC,8.0,-0.5783112,0.5,0.42772068026903515
CGTAAGAACCCACACTCGTTCATACAACTGCGAAAGGAAAATCATGTGAT,10.0,0.8206198,0.6,0.42501614415565053
CAACAAAGTGCACAAACAAGATACTTTTGTGTTACAGACGTCCGCTAACT,12.0,-0.5573212,0.3,0.4278949771217398
ATCGCTGCAGTCGATGAAGGGGTCACCCCACCGGAGATTCGAGTGCAGCA,8.0,1.3832495,0.4,0.4292536573313378
ATTGGAGAAGCCAATAATGAAACGGAGCGTGGCGATTTTTGGTTGCGCTC,13.0,2.2082953,0.7,0.43220451123811104
GCAATCTACCACCGGTATATAGTCCTTTCGTTACAATGTAGCAACACAAA,13.0,1.887919,0.3,0.4286745130733864
TAGCCGTTAAGATCACCGCGGGAGTAACTCAGGGCTACGCGGGTCATATT,11.0,-0.34642103,0.6,0.43506456918813086
CCTCCTACAGGAGGCACACACAATGGGGACGACATTCGAACCAAGGTCAT,7.0,2.5632222,0.2,0.4256738264012981
AAGCCCGATCACGAAGCAAACCTACCAACCAGATCACGCTTCTAGAACGT,7.0,-0.4593049,0.6,0.43208062515870943
CCCAGAACAACGCAGGCGTATTCGAACAAGGAGAATAGCTGCGCGTTGTA,8.0,-0.635036,0.6,0.4279183023362546
CCAGGATCCCATGCGTGAGATGTGTGAAAGGTGGGAACAATGAAACTGCA,9.0,1.9733505,0.4,0.4287501545290689
CTTGACAATTAGTACGAATTTGCCAAGTGCCATGCTGGTCCGCTCATATA,15.0,1.3893217,0.3,0.4305462781158653
ATTCTCATATAGTGTGTTGCTTAGACCCCGATAATGCACCTCGGGGTAAC,15.0,1.5156083,0.2,0.4320051822227401
CCGCATGGCGGAAGGCGCGGATATCAGTATCTCGGCAATGTACGGATCAG,9.0,2.64018,0.5,0.42863918189664146
GGGCAAAGGAAACATTGCAAGTAATAACCGGGCTAAAACGATGCGCCGCT,7.0,1.4020408,0.6,0.43301774049127423
TAATTCAAGCATGTACTGTTGCGGAACCAGAAATGGTTCTACAGAGCCTC,13.0,2.2918031,0.5,0.4281435744101937
GGACTGGATGTGATCACGAGCGTTTAAAACGCAATCTAACAATTTGTCGA,13.0,0.5359844,0.5,0.4321861058473587
CCAACCACAACATGCCTAGTGTAGCAACGCCCCACGACGACTGCGTCCCC,6.0,0.03469518,0.6,0.4276534776711786
GCAGCGAAATAGAAATGGGTACCATTGATCTGAAACGGTTAGGTACATAA,11.0,0.8567834,0.3,0.42897244753869807
AATCGGCGAGGTGCCGGTGGTATGGCACACCCCAAGCAATGATTTCAAAA,9.0,1.4440255,0.4,0.42928536918114985
CAGTGCCGATACTGATGTCTATCGTGCCTCTCGTGATAACGGAGCAGAAT,13.0,-0.39474693,0.3,0.43169049221116146
ACACTGACATATCATCTAGTCCTATCAGGGAAGGAACCAAACTGCTAATG,11.0,-0.4452869,0.3,0.43097568426583266
CCATGATCATCGAAACCATTTAGGCGATAAGGGTCTCAAGATGTAATCCA,12.0,2.5078807,0.2,0.43225827383833965
AGTGACAAATCTATAGAATACAGAACGACAAGGTTGCGTGTATGGGTACT,12.0,-0.65922666,0.3,0.43051109301882823
GAAACCTGTCTCGTTAGCCCTTTGAGCTAAGTACGGAAACGGCTGCAGAG,11.0,-0.4644586,0.3,0.42789531990483
CAAACACTTACGATCATTAAGCTAAGAATGCTAGAATGTGATCCGGCTAA,12.0,2.1733282,0.4,0.4296421257064149
AACGAAGCCCGGAAAAAGACGGGTTACGTGAAGCACCCATAACAGCATCC,5.0,-0.5929568,0.5,0.42777713003996254
CCGCCTAGGGCATCGATGTATCACGGCTCCCGTGATGAGATCGGCCCAAC,9.0,2.1553516,0.3,0.4295615242421627
AACACATGGCCGACCGCCATGCGCCGACTCTTAGGCACTGCAAATGAATC,8.0,1.8221451,0.9,0.4262435673700797
TTGCAGCTCACGGCATTGTCGAAACTCACCCCAGAAAGGAGGGAGTGCGC,8.0,-0.3209184,0.5,0.42842883391960246
CAAGTGGGACCAAATTATAAATGCCGGCAATCACCGTAGAGGCGGGATTA,9.0,-0.26847726,0.8,0.432721708892165
CCGCGCGCTGTGCTAGCAAGGTTGCATACAATCATGACACCGGGAACACG,8.0,1.8963348,0.5,0.42496891318140806
GCACCCATATGTCCAGAGAACCGAAGACAATCAGTAATACGATGGTTTAA,10.0,1.7226065,0.1,0.4347067421312268
TAGCAGGTAGATAACGTCTTAGAAGTCATCTGATCCCACTGACTAAAGAA,12.0,-0.61658657,0.3,0.4286019283210909
GGATAGTAGAGTCAATTTTCGCGCGCTACAGAACGCTCGGCTAAAGCCGA,10.0,-0.18525982,0.6,0.4302528318682232
GATCAACCTGATGAAGGCAATACAAGAGCAGTAACGACAGCAAACTGAAG,6.0,1.1517525,0.3,0.4247657987233755
CCGTTCTTCAATGCCAACGTCAAGTGCGACACGAAGCACAAGAGATATGC,9.0,2.0966835,0.4,0.4257682331389672
CCGAGAACGATGAGCTCGCTCAGGATGGGAACCATCACCACACGCCGGAA,5.0,2.3548517,0.6,0.42578726812391665
GGCGAAGGGCATGATATGCCAATGCGGCAGGAGATACACGCCACACACCA,5.0,1.5009629,0.4,0.4287706369644887
GGCTAATGTCATGACATTCGAAGAGACAAGCCAAGACGGTTGTATTGGTG,12.0,1.924475,0.5,0.42815121211715645
GAAAACAATAGGCACAAATCACGGCGAAGGTTAAGCACGATGAGGAAAAA,5.0,1.1617999,0.6,0.42692114577905554
TAAGACAGCACAAGCATGGCCCGGGTCCGCACTCCCGTGCGCTCGGAATC,7.0,2.672725,0.7,0.4281446224048331
CCGTGTACCGAGGTACTGAATCGAGGACCACATTTCACTGGCATACTGAC,11.0,-0.6452199,0.2,0.4298825926957904
CCTTACGACAGGCTAATAGATGCTACATCGTGTAGGATGTAGGATATATA,14.0,1.8613654,0.3,0.4332015263510717
CCGTACCATCATGTGCGCCATGACGTTTGTTGGCGATACAGGAGGGGTAA,12.0,2.9780169,0.4,0.43049599065973954
CCCACCATTTCGACCAAACGAACATCAACCAAACAAGACACTGTGTAACA,7.0,-0.4238408,0.3,0.42485497538302397
CCTGGAACAGGATATGGCCCCAGGACTCAATGCTGGTCCGATTGCGGACC,9.0,2.0854936,0.4,0.4290299089051582
GTAAGCGACAAGCCTGGGATAAGGCTCTCACATCGCCCCAGGGCTGAATG,8.0,-0.13027611,0.7,0.4272387498899086
CCAATGTGCGTGCGGTTCGCTGACGGTACGTAAGGCAAGAGATAGGTCCA,10.0,1.0236367,0.5,0.42538072298507434
CCGGAGGATGAACAGCCAACTTAAACGCCTAACGCAACATAACATTATCC,8.0,1.7865658,0.4,0.42613687354970625
TGCAGGAAGTTAGCGCAATGGGACTCCATGGACCGCTCCCTGTCGGTCGT,11.0,-0.16891524,0.4,0.42836917724158313
CTAGCGTCCGCGAGACCAAAGAGTTCATAGCGGCTGGAACGTGACAATGG,8.0,2.013351,0.6,0.42947884559228616
GTATCCCGCCATGACCCGAGCGGATCAACAAGGGACAAGAGGCGGAGCAT,5.0,2.7491333,0.7,0.428511868948872
AGTGCAAAGCGCCCCCTAAACCCAAACCTCATGTCAAATGGTGTTAGGTG,10.0,1.2516506,0.5,0.4300795976656514
AATATATCAGTTGCACTTGCTAGCGCACGTCACCGGTCATCTTTGACACC,14.0,-0.54917216,0.2,0.4310597517119872
TAGGAAGCGCAGGTACTAACTGGCGGATTAAAACGTATGGGCTCTCTAAG,11.0,0.7630054,0.3,0.4343268348075248
GTGACACTTAGTGGAATGGTAGTCCGCTTCGGACACCCTAAAGACCCACT,11.0,1.0788941,0.3,0.4279509699022448
CGAAGTATTAGGAATGTTCGCATCGCGATGAAAGCTGTGACAAAGAAAAG,10.0,1.6582512,0.5,0.42986606748120204
CTGCTCATCAACCAAGCATGCGTAATCGCGAACAAGAGGGCAACGTTCAT,9.0,-0.28603554,0.5,0.4280917515303638
CACTGACACTCAGTGCCTGGACGGAATAATCGCAGTCTAAATCGTTGTAA,12.0,-0.46933207,0.3,0.4300217282772064
CGGGACTCCGACCGTATGTCCGGATATCGCGCATCACATGCTTATTTGCA,13.0,0.7179519,0.6,0.43511804343075366
GTAGTCCTGTAGGTCGCGCGTTGGCGGAGCAAAACCCTCGCACGGCTGGC,9.0,-0.11728898,0.7,0.4268743263466938
ACCAACACCAGGGACGTCGGGGGAGATGGTAGAACTCGAACGCCACCTAT,6.0,2.1434662,0.5,0.4305277425211829
CCTCATGAGACCATGCATGAGAGCCTATGGTTTAGGATCTTTATTAGGAC,15.0,1.9029124,0.1,0.43202175355038125
AACATCGACAGAGTGAATTAACGGACCGACGTATCGGGAAGAGCCTCGCA,7.0,-0.43731007,0.6,0.43116388666468697
CCACAAAGCGCAAGAGTGAGCGTATCAGAATGACGAGTCGCAACGGATCC,6.0,-0.45514914,0.8,0.43112500059443554
CCCGACTGTCTTGGCGTATACACTGAAGTGCAATGGTTCTGCGCTACAAA,13.0,-0.45292982,0.3,0.42745554013832193
GGCGATCCAACGCGCCCCGCCGATGGCGAAACGGCATGTAGGAAAAGCCA,4.0,2.5160449,0.9,0.4303616546013871
ATTTAATGGGTTATCTTGCGAGATATAGGCATTCAGTAGATCCGATAACA,16.0,-0.52294123,0.3,0.43084114483079394
CCACGCTGCACGAAAGACCAGGCGAGCTATGCATAAATCTACACGGCATT,8.0,1.5274221,0.6,0.42948764001195494
GACTGCCGACATGGGCTCTGTCGGGAAGATTATAACGCAATCAGCGCTAC,10.0,2.807646,0.4,0.4341950562435227
GACTATGATAGGCGTCCGCCTTAACGCGGAGCACAAACGTCATTTGAATA,11.0,1.9375181,0.7,0.43273823018815066
ACTCCCGGCGTGCAAAAACCACCTGAGCAGAGTCGGAAAAATGCGCGCGC,5.0,2.169108,0.8,0.43112066799724424
CCACCTGAATTCATGGTGGGACTTCTAAACATTGGGTTTGCCGAACGGCT,14.0,1.0389988,0.3,0.4293611529791677
AATGGCTCTTAAGATTGGCTCCCGTGTCACGGGACGATTAAAATCAGTAG,13.0,1.5867548,0.3,0.43000373244285583
AATCGAAAAGATGAGGCGGTCAACCGACCCTAGAGCGGACACGTCCATGA,6.0,3.0407083,0.5,0.4317099459267951
TCCGGGACACGCGCTTGTAGCCCAAATGCAGTCCTACGAGTCAAACGGAT,9.0,1.9771957,0.7,0.42769279640268637
ATGGGCGATGGATTGTGCATGTTCGTTCGAGAATGGACAAAGGTCTGCGC,13.0,2.049777,0.5,0.42936280964999585
CGTTCGCTTCGCACAGTGACACGTTGCTATTTGAGCAATCTCTTAAAACG,15.0,-0.56514907,0.5,0.4293983958138002
GTGGACAAGATGGACGGTCTAATACACAGCTCCAGTCATGCGGTGCTCAA,10.0,3.0156953,0.3,0.4280659468472004
ATACCGCGGGTTCTGTGGAGTTTAGGCCGTGGGCGTGCGTACGGCACTCA,12.0,-0.06918579,0.6,0.42890827100824663
CAGGACTGACACTTCGGCTAACAAAAGTGGCAGCGGAAACGCGTACGAAG,6.0,-0.3681977,0.5,0.4247503269846375
CAGTACTAAAACCTCGCCCAGATTGGCGACACGTTAACCACCTGCCCCAG,8.0,-0.2685103,0.5,0.4306972176400391
CGCAAGAATGCAGCCGAGCAGCTTTCCTTCGTTGCTGCATCAACCTAGTT,13.0,2.3140368,0.6,0.42957506935153095
TTATGCCTCAATCGGCCACATAGGCAGTTCGGGTGTCCGCGAGAGGGCCA,10.0,1.1458536,0.4,0.42664500641661723
GACACCGAAATAGGCATGGACCTTTGCCGAGTGTGCCCAGGCACAGTCCG,8.0,2.419854,0.4,0.4305280186759459
AATGAAACATCCAGAGGTCGTGCGCCTACCAGGCCACGATATGTCATTAA,10.0,2.2147832,0.6,0.42942054297875715
CGACCGTTGATCGATAGAAAGCTGTTCTTGCTCGCCCTCAGCTAATACTT,15.0,-0.41609165,0.4,0.4311844160186278
TACATCAGATTATCTTCTCTATTGGAAAAGCATTGTACTCCAACGTATCA,17.0,-0.6941447,0.1,0.4293934431672096
CCAGCCCGACGATGTCAAGCTTATATCACGGCAAAGCAGCAACTACAACC,7.0,-0.17048788,0.4,0.43493567103469694
CGCGTTTGACCGTGTAGAGCACACAAAATCTGGCACCGACATGAATAAAA,9.0,1.3249665,0.5,0.43183772617900695
CCAAGTAGCAGGAAGCGAAGCAAGACACTAAAACGGTGGCATTAGTCATT,8.0,-0.5439117,0.9,0.42740372915928426
TCCACCAGAGGCAACATACAGAATGCCCAATGAGACAACCAGCGTCGTAA,6.0,2.1083765,0.4,0.43191615863426314
AGCCACAAGGATGACGTGAATTCTTAGGTATACACGTCATCCGCTCAAGA,11.0,1.8684701,0.6,0.4320358520947598
CCGAGATGTAGCGACTAACGTCAGAATCGTCCAACCTCGAATGAACGAGC,8.0,2.1147385,0.7,0.4273988317798924
GACCAGGGCCAAGACAACCGAATGTAGCCAACCCTGGCACCAACAACGTC,4.0,1.3870492,0.4,0.42859471136653743
GGCAAACGGCACGCATCATCCCAAGGCGGAAGGCCAAAAACGCCGCAAGT,3.0,-0.18213055,0.6,0.4297876307609919
ACCTGTGAGTATGCTCTTGGCTGGACTAACATTCATTTCAAAGTTAGCGG,16.0,2.068243,0.5,0.4288482150959002
CCTCCTGTATTCTCCTGTAGTGATGAGTGGTAGACGAGTCAGTGGAATGG,15.0,2.3301096,0.6,0.42625624306701326
CCACTCGACGGCGGACACAGTACGAACGGGTAGAATGACACGACGACGCA,4.0,2.3000743,0.7,0.4257943900211437
TCCAGCCGACCTTATAAGAACAAAGCCTTTACCAATTGCGATTGGCGAAA,11.0,-0.67719305,0.4,0.4291323460920437
CCAGCGCCGGAAGATGACAACGCTGCACGGGGAGCCGTCGCGCGAAATTA,5.0,2.4246929,0.8,0.42563776424607713
CCGGGACATGCCATTGAGGCAAGGTACCTCATCTAAGGCCTCGCCTAACA,9.0,1.6049808,0.4,0.4284991855234713
GCTGTGCTAAAGAAGCAGACCGGGAATGAGTTCCGAGTTGTACGTCAGTC,11.0,1.317184,0.6,0.4271055748092162
TAGAGGCTTAGGATCCGTAATGGAAGCCTCTAACTGGCAAGGTATTCGCG,12.0,2.1607802,0.4,0.4305177903900275
CGAACGCAGCCGGGGTGCCCGACCATGGCACAACGACGGAATTTGGGTTA,7.0,2.4625597,0.6,0.42861202398667464
ATTCCACACAACGCCTGGTCCTGCGACGTACGGCAACCGCTTTCACTAGA,10.0,-0.48971644,0.6,0.43084288604356147
CGGTTTAAGCGATTAGGAAATATGGAATGCCCAGCATTGTACCCTAGAAT,13.0,1.9963295,0.2,0.4327388535238601
GGCATGGCCTGTATTCCGCCCGCGCTTTGCACACCGGGACGCCGAGTCAT,10.0,2.1136613,1.0,0.4293627877573709
TGTAGGCGATAATGACTCATGGCTACAATTCCAGGACGTCGTCCGTCCTC,13.0,1.0558591,1.0,0.4233338012888625
ATCTAAAGAACACTCACCAAAGGGGCGATGTTCATGACTGAGTCTGTAAT,12.0,1.1018945,0.2,0.43184648034540385
ACGAAAAATGTTAACGGAGGGAGGCGTCCTCGCTGGTAGGCGAAATGGAA,8.0,2.7648273,0.7,0.42878024913169244
CCCTTCCTAAGAAATGGAAGGCAACAACGAACCTCAAAGGCCGTCCGACA,6.0,2.611786,0.4,0.42223977819487857
GGCACTAACGAGTATGGACGGTATCTCCGACTTGGGGGAGCAAAGAAGCA,8.0,2.752244,0.5,0.4299801946975089
CTAACTGACCCAGCAGCTTCAAGCGCACCCCATTGAGCGGAGTTAACGGA,8.0,-0.5638015,0.6,0.42967044288242184
AACTGAACCGACAAGCATGAGTTCAAACTTCACCTCCAGAACCGTGACCC,8.0,2.3090396,0.5,0.42714132192167076
CAAGTTCGCAATCAAGGCTAGACCAGACAGTGCGTTACCGTGTGGGTATC,11.0,-0.44341555,0.5,0.4261681315222302
GGCGAAAGGCCCATTCGATCTTGCGACGAGGCCTATCTAGGCGAGGCGAG,8.0,-0.40968707,0.6,0.42853913975728525
TCACAGTAATTACACCGATTCCCATGAATGCAAGGCTGCTCATACGCACA,11.0,-0.30768788,0.3,0.4337843913403717
GGCAAGCGGATCGGGACAGTGATTCACACCGAGGAAGAGCTGCAACCTGC,6.0,0.03127213,0.9,0.4254764707185127
CCTGAGTGTTGGCGGAGGAGCCATGAGATCACGCAGCGCTCTGCAACAGG,8.0,2.2601128,0.6,0.42807578177065464
CCAAAGCGTACGGCCGAAAATATGTGAGGCTATGCCCCCAATGAGCAGGA,7.0,2.7320051,0.4,0.43042869765210795
GTGGTAGGAAGTGATGAGTAATACGGCCGAAAGATGCGAATGGTTCTCTA,12.0,1.5125659,0.9,0.42802842155501647
TTCATACATCCTGGTTAAGGGTTCACGAAATGGGGATCCTCGAAATGCCG,13.0,-0.23197505,0.6,0.426866029331813
AACTTACAACTGCGGATCCCGTGCAGAAACCAAGGCTCCCCGCATTCTTT,11.0,-0.2149789,0.6,0.4327246524111645
TTCGAGGATGCCAGCAAATATGTCCAGAGGGGTGCAGGACCCCACAGAGA,7.0,2.9936376,0.3,0.4309799998193174
CCGTGCACCGGGCTGGGACTTAAAGCCAATCAGCCGTGCCTTCGGTTAAC,10.0,0.049736053,0.4,0.430871111186775
AGTAAGCATTTGTGCACGGGACACAGCGAAACGAGGGTAGGTTCCGCATA,9.0,-0.4932039,0.5,0.4279615104037362
GGCGTCCCTCAAGCGGTCACTTTGCAATATGGGAGGAAGGCTGCTGAGTT,12.0,2.4918675,0.7,0.4312357821738398
GTCTCCGCGGCACGAGAACCGCGCCCTCACGAAATCCTCGACGGAACGAA,5.0,-0.35147706,0.9,0.4251026044665156
CACGACGACGTGCTATGGGCATAGGATGAGCCCTGGACACGCAGGGCTAA,7.0,1.825921,0.5,0.4273381081545675
CCTCCCGACAAGGCCCTAAACAGTGTGATGCATAGTACCGGCAGGCAAGA,7.0,1.0521624,0.4,0.4307603316452052
CCGGCATGGTGCATTAATGTCATTGAACCGGCGAATTAGACCGCCTAGCC,11.0,1.4716254,0.6,0.43264284732373987
CCGCAGTGGACCTAACAAGTATACGAACCAATCAGTTAGCGCACGAAGGA,7.0,-0.60407865,0.5,0.42650915682315826
CGGATCATGGGTAACCTCCGGCGCGTAGGCCCCCATAGAAGCGACTTCTT,10.0,2.1641135,0.5,0.42740416858647323
ACCCTGTTCGGTAACATATGCCCAGGTAATGGACAGCAATACCTTCACTT,13.0,1.5573148,0.3,0.43219263546772907
AAATTCCTCCCAAGGTAAGGATAGTTCCGCTTAACCGCTCGTTCAATAAT,14.0,-0.6231464,0.5,0.432690605118468
CCCCCACAACAGAACCCCACACCCTCATAAACCGATATGTTCTCTCAAGG,8.0,1.2840762,0.4,0.43254655312847445
ACTCATGCATACCAGGAGACAGATGATTACCGGCTGGTAATGAGACTGTG,11.0,1.5027442,0.6,0.42762069542665737
CCGGCAAAATGGCAAAGGGCTCCCCAATTGCCCAGACATACAGGTGAAAC,6.0,1.3979793,0.4,0.43115753734433976
TACACCGACTCGTGCAAAACAGCGGCGTCTACGCAGACACTCAATGGACT,8.0,0.6778542,0.5,0.4302766063608028
CTCAACCGGGATGCACTATCTTACATCAGCAAGAGAAAAACAAGATCTCC,9.0,1.9125198,0.4,0.424986742179136
ATACAGAGATACGTAAACATCTCCAGGTTGAAGAGCTTAAGATTACCACG,11.0,-0.5700673,0.2,0.43183980526150884
AGACAGAAACCGTTGAGCTAGTCGGCAACGCTCGCCTGACCGAGACACTA,7.0,-0.5095788,0.7,0.42960329620419324
CTGTCGCCCCGGAAGTTCGGGCATGCTGCCCTTGGGTACATCCAGAGATG,11.0,1.4746934,0.6,0.42800287637356166
GTAGCACATGTACTAGACCGCAAGAATGTCGCCTATACCAAGACACTTCT,11.0,2.676383,0.2,0.42976086986226003
GCATAGAGCGAGAGCGCACTTGTCCAAGACCAGAGTCGATAGCGCTAGTC,8.0,-0.7425841,0.4,0.42737215609163853
ACTACAGCATTAGTGAGACAGCTTCCAACCCATAAACTAGAACATTCGCT,11.0,-0.7421272,0.3,0.4245606012969196
CTTACGCAGCATACAGAGTCCTGGAGGGTTATGCCGCCGGAGAGTAATTC,11.0,1.0615915,0.8,0.4295980458243473
ACAGCACTGCGCTATTATCGCGGATATTACATTGAAAGCCCCTTCCTGTG,14.0,-0.5312309,0.4,0.43505600074658524
CAGTGATTAGTGAAGCGATATTATGCTGGTACCAAGAAGATCGCGCTCTA,13.0,1.3858436,0.5,0.43392017753543083
CATAGCCCCAGGTTCGCTCGTCAGTCAAAGAATGTGCATGCAACCCTGAT,11.0,0.9769503,0.3,0.4263559095360137
CCGGAGAGGCAAACCCGCATTCGAAATAATGTGCAGCGCCAGTTACAACA,7.0,1.8831017,0.6,0.430943058495586
TGAAAGCGGAGCTACCTCGACGATTCCACGTCACGCAAGCAATGTCGGCA,8.0,-0.47906682,0.5,0.42680183435614044
AGTTATGCACTTCACCAAGGAATGTGCGATCGCGGAAATATTAATGGGAT,13.0,2.68291,0.3,0.4297832674432445
CCATTATACCTTGGTGGCGTTAGCGTTACAACCGTGACATTTGATACTTA,17.0,-0.42541185,0.4,0.43454414008436976
CCCTCCTTCCGATTGTAACAGAGGCCGGACGGCCAGACGGAGCGAGCGAA,6.0,-0.18957174,0.7,0.42761785063389185
CAAACTTGCAATGTGATACTAGGGGCGAAGACAAGCGACTTCAGCAGAAG,8.0,1.8584121,0.4,0.4287921477854252
CCAATGGGATGCGAAAGACCCAGCTCATATTCTGGCTGAGACCCAGCGTT,10.0,1.1081456,0.5,0.4300879426219979
ACACTTCGAGCCTGACGTTTGGGAAGTATGAGTAAAAAGAACCAAGAATA,10.0,1.0953223,0.5,0.42966798784765037
GGACGAGTAAGAGTCGTCGACCCTCAGAATGACAATGTAGGTGATGGCTA,10.0,2.8945084,0.8,0.4320403891721287
CGAGGAACTCGGTTCAGTGCGGTATACCGAAAGCGCCATCTCTAAATATG,11.0,-0.45347944,0.4,0.4306731189827661
GTTAACATGGGCGTGAGGTTAATAGGCTTGGGCCGAAGCACACTAGGTTG,12.0,2.4518657,0.6,0.429442865196112
CGAGATAAGGATGGTAGATTCAAGCGGGATTGAGCATAACCCAGATCGTG,10.0,2.2779536,0.6,0.4306324120107535
CCTAACTGGCACTGGGTAAGCGCATGGAAGCATGATTTCGAGCACAAGTG,10.0,1.5439144,0.4,0.42730995192721083
GAAACCGGGAGCGGGCAACAACCGCAGAATGTGCTTCCTCGCACAACTCA,6.0,2.1598752,0.6,0.4277648749786454
CAATTAGGGCGTCAAGTATAAGGCACTAGTACGGCACATCCTGGTTGAAC,11.0,-0.28371787,0.5,0.42908701484267775
AGGAACACAATGTCGCACACGCGTCTCGGGTAGAACAACCGCAGACGCGA,5.0,1.6520184,0.6,0.4292790931624335
CCGCCGACGAGAGCAATATGGACGTGTCATATCGCCACATTCGATCTAAC,10.0,-0.14395872,0.4,0.42613443260660044
AGGACACATTTTTCAAATGAGACTGATCATGTGGGTTCCACTGACGGAGT,14.0,2.395207,0.2,0.42605603520129176
AACAGCTGACTTAGAGTGTACTGAAACCGTTTCACCGGTGCCGCTGTAAA,12.0,-0.50724363,0.6,0.42963259205624865
GTCAAGCCAGAACGGATGTGGCCGCGAAATGTCCACAACTCTTCAAAGTC,9.0,1.8758256,0.6,0.42280805094016566
CCATGTATCCAGCAAGCTAACGACCGTGTGTATCACGACAGCAATAATCG,10.0,1.352741,0.3,0.43041649780563407
TCATAGGCATAAATACCTGCTAAGTTTAAGGAGCGAAAAGGACAAATCCT,11.0,-0.6087791,0.2,0.43120843568363704
CCGTTCGAGGAAGGGAACGCCTCGAAAACTCAACTCACATAGATCGAAAT,8.0,-0.6024294,0.4,0.4277331567293889
CACCTAAGCCCAGAATATCGCCTTCGCCAACGTGAGTCAGGTGTAACTTA,11.0,-0.34063408,0.9,0.43285151724879806
GTTGAACAGCTTTCCGGCGCTAGGTATATCATCACAAAAAGAAGCAAATG,11.0,-0.7281618,0.3,0.42486241808010117
CCCAGAATGTACCCTACCATCCCACTCATGGCGGGAAGGACTGCAGAAGT,8.0,2.4602108,0.4,0.4276264230302862
TATTCGTCGTTTAGCAAGAGCCGCCTTCCCCTAACGTTGGCACTGGCGCC,13.0,-0.26823232,0.5,0.43018588460780477
CACTTAGCGCGAACAGATGCACGTGTCGGCGAAGTCCATCGAAAGCGATA,8.0,0.996246,0.5,0.43025863715523
CATAAAACCATTAACACTGCACTATGGTCCCCGTTATGGAAGTTGAAAAA,12.0,-0.3744401,0.2,0.4308279362190011
GAATGGTTACGGCGAAATGGCCAGCAACTGATAATGGCCGTCAATAGGAC,9.0,2.077347,0.4,0.42687163935722533
CTAACCAAAGATGCCAGAAACCAAACGTAGGCTTCTATGTGAATGGTTAA,11.0,2.6881773,0.5,0.42657900325349857
CATATGGCCAGTAGGAAGCCTGTGTTTGAATGGATCCAAACGGTGTAACA,12.0,1.0715126,0.4,0.43233888498029194
GAAGGATTTGCGCGAAAACACGTAGCGTCCACGGAAAAGTTTCGTTATGG,11.0,1.5607249,0.7,0.42843416915552035
GTTATCTTAGACAAGAGATTACCAGTAGAACTATGGCAAATCCGCTGTCA,13.0,-0.38432547,0.4,0.42972525044872956
CCGCAAGTACCATCATAAGCCACGGCAAGTCACACACAGAGGAGAATAAC,5.0,-0.5745059,0.3,0.4276816943328123
TGTAATCCGAAACTTTATCGCATGCATCCAAGGGATGTTAGGACGCTAAC,13.0,1.2075647,0.2,0.4315796857105719
CCATAACAGGCATTGGCTTCGTATAGCACGGCGAATACTCCGCGGGAGTT,11.0,-0.47278735,0.7,0.43182300118175715
CTCGAAGGCAGTCGCGGGAATGATAGAGTCTAATTCCTGGAAAAGGAATG,10.0,1.4055402,0.6,0.428925398121009
GCTGACATGATACCTGATGGAAGGAACAGACATAGCTCATGGTCTTACAA,11.0,2.3707988,0.2,0.42729984324526143
GTGCCCAGAGATGTATGCTCTGACCGGTCAAAGGAAGAGGAGAGGGGTTC,9.0,2.405132,0.2,0.4265915150497411
CGATCCATATCCGGGGCAGAAGGCGACCAAATCCTTCCCGCTCGACTGCC,8.0,-0.13250217,0.5,0.42606509198208115
CCGGGTACAAAGTGACATGGATGTACGATATGCAAGGCCGATCGAAACCG,8.0,1.6062195,0.5,0.42733674941836175
GTCCATGCAGAAAGTTCAGGTAAACTCGTGGGCGATAAGAATTTGGGAAC,11.0,0.53461194,0.3,0.4326539626314833
TACTCGTCGAAACTGGCACGAAATCCGGAACAAATGCGACTAGAGGACGG,7.0,1.0776949,0.7,0.42799927254786363
GGATAGCAGCTCCAATAGTGCATCTTCCTAGCTCTCACTGCTATATCGGT,15.0,-0.72669303,0.3,0.4289792285416577
ATCCATGGGAGAGTACGGGTCCAGATCACAGTTCCTTATTGACACCGAAT,12.0,1.3499637,0.2,0.42888654621066274
AGTATGCTACGCGTATTACCGATTGAAAGCAAACTGCAAGCTCCCCGATG,11.0,1.5358808,0.7,0.4352963191754109
CTAGAGCGAAAACCAACTGAACCGTCGACCGAGGCTGACTAAGACAAAAG,5.0,-0.55471134,0.5,0.4297536366332222
TGCGTGACACGTCCACCCTCAGTAGAGTGAGCTTAGCCGGACTATACCCA,10.0,-0.26619256,0.7,0.4314557622493924
CCTGCCGTCTTGATCAATTGTAGAATTAGTAGGAACGTCGAAAGCTAGCC,13.0,-0.75437486,0.5,0.42656879306645007
CCTCCGTTTTTACATGGAAAAAGTACACACGTCACTGCCTGATCAGCCTT,14.0,1.016774,0.2,0.4295389241866163
ACGATGGTACTATCACTCGTACTATACACGGTCGTGATTTCACGATCGAG,14.0,1.9771824,0.5,0.43615800605029675
AACACACATAGGTCGCGACAACCTATGGTGGGACATTCTACACTCTCGGT,11.0,0.65564215,0.4,0.4240550035318813
TTTTCGCATACTTGGGTAACGACCAGAGATGTACAACGGATACTTCGACG,13.0,1.7268617,0.4,0.43449768011634415
CCCCACGCAGTTATGGTCAACGCACAAATTGGGGCGAAAGGTCAACCACG,7.0,1.7624644,0.7,0.42876054828231397
GGAATTAACTCCAATCATGCTTTATAATGCTGGCCTTTGCCTCAGGCGAA,15.0,1.6246682,0.6,0.43306440347755276
GCAAGGCGGGGCTTTAAGGCGTGCCGGAAAAGCTATTGCACACCGATGAC,8.0,0.49850085,0.7,0.4289596849679947
GCCAGAGACCAGTTACTACCGCTCCCACGCGCGCAATGATTGCGCATGGT,9.0,-0.7683108,0.9,0.4332270665023778
CCGCATTGGATACGGTGACAACAGCCAGGGGTGACTAAAGACCGCATGAC,7.0,-0.10262632,0.7,0.42784385069802
